{"loss": [1.492924690246582, 1.0898151397705078, 0.9066060781478882, 0.7884522080421448, 0.7098885178565979, 0.6466141939163208, 0.5993725061416626, 0.5516812801361084, 0.519481897354126, 0.48226410150527954, 0.46545708179473877, 0.44011038541793823, 0.41412848234176636, 0.39180198311805725, 0.3767223656177521, 0.3572850227355957, 0.3458558917045593, 0.32816484570503235, 0.3149518370628357, 0.30430492758750916, 0.2926676273345947, 0.27941232919692993, 0.2673596143722534, 0.260751336812973, 0.25192418694496155, 0.23837657272815704, 0.22720389068126678, 0.22441332042217255, 0.2144078016281128, 0.20534741878509521, 0.19912376999855042, 0.19202367961406708, 0.18010562658309937, 0.1773807257413864, 0.1706141084432602, 0.16491606831550598, 0.1572432965040207, 0.15222224593162537, 0.1458006352186203, 0.1431470513343811, 0.13931360840797424, 0.13319629430770874, 0.12223783135414124, 0.12231090664863586, 0.11668989062309265, 0.11201570183038712, 0.10790512710809708, 0.104915089905262, 0.09942241758108139, 0.09657333046197891, 0.09123262763023376, 0.0871560350060463, 0.08373278379440308, 0.08513659983873367, 0.08130942285060883, 0.07634082436561584, 0.07330266386270523, 0.07090380042791367, 0.06789668649435043, 0.06460213661193848, 0.06449566781520844, 0.060256317257881165, 0.05844728276133537, 0.057562313973903656, 0.05560515448451042, 0.0548175685107708, 0.05170891061425209, 0.05243363231420517, 0.049515824764966965, 0.0484364852309227], "accuracy": [0.45462191104888916, 0.6110221147537231, 0.6811919212341309, 0.725608766078949, 0.7563881874084473, 0.7782361507415771, 0.7936558723449707, 0.8115988373756409, 0.8213513493537903, 0.8358098268508911, 0.8404557704925537, 0.8489065766334534, 0.8587391972541809, 0.8660085201263428, 0.8704341650009155, 0.8783843517303467, 0.8825095891952515, 0.887455940246582, 0.8905799388885498, 0.8960269093513489, 0.8988705277442932, 0.9045978784561157, 0.9075416326522827, 0.9102451205253601, 0.9126482009887695, 0.9181953072547913, 0.9224407076835632, 0.9206584692001343, 0.9252843856811523, 0.9292895197868347, 0.931312084197998, 0.9331945180892944, 0.9377803802490234, 0.939142107963562, 0.9413649439811707, 0.9433475136756897, 0.9448093771934509, 0.9473325610160828, 0.9489145874977112, 0.9496355056762695, 0.9522188305854797, 0.9538409113883972, 0.9583466649055481, 0.9583266377449036, 0.9599687457084656, 0.9620314240455627, 0.9630927443504333, 0.963192880153656, 0.9655959606170654, 0.9667574763298035, 0.9685797691345215, 0.9703820943832397, 0.9722844958305359, 0.9712231755256653, 0.972665011882782, 0.9738065004348755, 0.975608766078949, 0.97642982006073, 0.9777915477752686, 0.9790331721305847, 0.9784924983978271, 0.9807153344154358, 0.9806752800941467, 0.980535089969635, 0.9814963340759277, 0.9820970892906189, 0.9836390614509583, 0.9830983877182007, 0.9845402240753174, 0.9855214953422546], "val_loss": [1.6295802593231201, 1.154229998588562, 0.9908412098884583, 0.95120769739151, 0.7899203896522522, 0.9392626881599426, 0.7649188041687012, 0.7241615056991577, 0.8970035314559937, 0.557563841342926, 0.6116418838500977, 0.629721462726593, 0.5049106478691101, 0.5077763199806213, 0.4932170510292053, 0.6138819456100464, 0.7452923655509949, 0.731148898601532, 0.4698418378829956, 0.4407699704170227, 0.558061957359314, 0.45676785707473755, 0.4829661250114441, 0.3964732885360718, 0.4776626527309418, 0.4976750612258911, 0.509024977684021, 0.4880887567996979, 0.4229433536529541, 0.47070834040641785, 0.45864740014076233, 0.559084951877594, 0.48264795541763306, 0.4772898852825165, 0.37707141041755676, 0.4865817725658417, 0.3911101818084717, 0.3527701497077942, 0.41946855187416077, 0.4124097228050232, 0.43490830063819885, 0.42035067081451416, 0.38032808899879456, 0.4025003910064697, 0.5522384643554688, 0.4134292006492615, 0.43150389194488525, 0.4248892664909363, 0.41538670659065247, 0.375672310590744, 0.37483033537864685, 0.3881963789463043, 0.3856445252895355, 0.38957321643829346, 0.3881972134113312, 0.3641429543495178, 0.37864115834236145, 0.4106835424900055, 0.3973533511161804, 0.37273040413856506, 0.3847275674343109, 0.3726015090942383, 0.3770389258861542, 0.37268689274787903, 0.3587303161621094, 0.3643253445625305, 0.3552605211734772, 0.35531383752822876, 0.3529489040374756, 0.351665198802948], "val_accuracy": [0.46650001406669617, 0.6180999875068665, 0.6489999890327454, 0.669700026512146, 0.739799976348877, 0.7057999968528748, 0.7430999875068665, 0.7598999738693237, 0.7246000170707703, 0.8075000047683716, 0.7925999760627747, 0.8019999861717224, 0.8263999819755554, 0.8330000042915344, 0.8379999995231628, 0.8098999857902527, 0.7871999740600586, 0.7836999893188477, 0.8482999801635742, 0.8589000105857849, 0.8281999826431274, 0.8522999882698059, 0.8478999733924866, 0.869700014591217, 0.8479999899864197, 0.8495000004768372, 0.8431000113487244, 0.8486999869346619, 0.8691999912261963, 0.8608999848365784, 0.8557999730110168, 0.8378999829292297, 0.8537999987602234, 0.8590999841690063, 0.8824999928474426, 0.8611000180244446, 0.8849999904632568, 0.8912000060081482, 0.8751000165939331, 0.8823000192642212, 0.8718000054359436, 0.8734999895095825, 0.8885999917984009, 0.8831999897956848, 0.8468000292778015, 0.8848000168800354, 0.8823000192642212, 0.8873000144958496, 0.8862000107765198, 0.8909000158309937, 0.8910999894142151, 0.8944000005722046, 0.8925999999046326, 0.8930000066757202, 0.8925999999046326, 0.8985000252723694, 0.897599995136261, 0.8906999826431274, 0.895799994468689, 0.8995000123977661, 0.8964999914169312, 0.8985999822616577, 0.8981999754905701, 0.9009000062942505, 0.9007999897003174, 0.900600016117096, 0.9036999940872192, 0.9038000106811523, 0.9034000039100647, 0.9045000076293945]}