{"loss": [1.6091903448104858, 1.1529103517532349, 1.641507625579834, 1.1777580976486206, 0.9937936663627625, 0.8791388273239136, 0.79653000831604, 1.6115442514419556, 1.148138165473938, 0.9612049460411072, 0.8615265488624573, 0.7812789678573608, 0.7219326496124268, 0.6745595932006836, 0.6256139874458313, 0.5938469767570496, 0.5497551560401917, 0.5242554545402527, 0.4858854413032532, 0.46119585633277893, 0.43018069863319397, 0.41645321249961853, 0.3925887942314148, 0.36529287695884705, 0.3622933328151703, 0.33930739760398865, 0.32308700680732727, 0.3163243234157562, 0.2967652678489685, 0.28667840361595154, 0.27003610134124756, 0.2710520327091217, 0.25167959928512573, 0.24506808817386627, 0.23938629031181335, 0.23083613812923431, 0.22126898169517517, 0.21815083920955658, 0.23673391342163086, 0.2083796262741089, 0.1982317715883255, 0.19619163870811462, 0.18580809235572815, 0.18324461579322815, 0.17834165692329407, 0.1726730614900589, 0.165354922413826, 0.16201557219028473, 0.15669189393520355, 0.16003403067588806, 0.149583101272583, 0.15242014825344086, 0.15391185879707336, 0.14412260055541992, 0.14377835392951965, 0.13703235983848572, 0.13293714821338654, 0.13443100452423096, 0.13636289536952972, 0.1268925666809082, 0.18361997604370117, 0.13522019982337952, 0.12847496569156647, 0.12362371385097504, 0.12070101499557495, 0.11678094416856766, 0.11106754839420319, 0.11927318572998047, 0.11185161769390106, 0.11009224504232407, 0.10968845337629318, 0.10744965821504593, 0.10360205918550491, 0.10445421189069748, 0.10320824384689331, 0.10123592615127563, 0.09921442717313766, 0.10441116243600845, 0.10143943130970001, 0.09872374683618546, 0.09919696301221848, 0.09695073962211609, 0.09740936756134033, 0.09266550838947296, 0.09642815589904785, 0.09533441066741943, 0.09275618940591812, 0.09033970534801483, 0.08908507972955704, 0.08972888439893723, 0.0832715705037117, 0.08536888659000397, 0.08445242792367935, 0.0845000296831131, 0.08705075830221176, 0.09287114441394806, 0.08961297571659088, 0.08332113176584244, 0.08385717123746872, 0.08014050126075745, 0.07921455055475235, 0.08102580159902573, 0.07993731647729874, 0.07702016085386276, 0.07952971011400223, 0.07409685850143433, 0.07606348395347595], "accuracy": [0.4632200002670288, 0.6047800183296204, 0.45278000831604004, 0.5942000150680542, 0.6550999879837036, 0.6939399838447571, 0.7216799855232239, 0.46428000926971436, 0.6065999865531921, 0.6698399782180786, 0.700160026550293, 0.7270600199699402, 0.7470800280570984, 0.7640799880027771, 0.7804999947547913, 0.7922400236129761, 0.8057399988174438, 0.8143600225448608, 0.8288800120353699, 0.8384000062942505, 0.8468000292778015, 0.851580023765564, 0.8599600195884705, 0.8699600100517273, 0.8725000023841858, 0.8790000081062317, 0.8842399716377258, 0.8858799934387207, 0.8931199908256531, 0.8973199725151062, 0.9029200077056885, 0.9038800001144409, 0.9106799960136414, 0.9133399724960327, 0.9142199754714966, 0.9176999926567078, 0.921720027923584, 0.9223799705505371, 0.9164000153541565, 0.925320029258728, 0.9285799860954285, 0.9313200116157532, 0.9342399835586548, 0.9349200129508972, 0.936680018901825, 0.9396799802780151, 0.9416400194168091, 0.942359983921051, 0.9444400072097778, 0.9426599740982056, 0.9465199708938599, 0.9469000101089478, 0.9450799822807312, 0.9488000273704529, 0.9494600296020508, 0.9514200091362, 0.9522200226783752, 0.9525399804115295, 0.9517599940299988, 0.9550399780273438, 0.9353200197219849, 0.9527000188827515, 0.9551399946212769, 0.9558200240135193, 0.9568399786949158, 0.9585800170898438, 0.9604799747467041, 0.9584599733352661, 0.9607200026512146, 0.9599999785423279, 0.9610999822616577, 0.9627599716186523, 0.9638599753379822, 0.9638000130653381, 0.9636600017547607, 0.9642199873924255, 0.9645599722862244, 0.9627199769020081, 0.963699996471405, 0.9646999835968018, 0.9650599956512451, 0.9663400053977966, 0.9656000137329102, 0.9674800038337708, 0.9658399820327759, 0.96670001745224, 0.9681800007820129, 0.968500018119812, 0.9683399796485901, 0.9684200286865234, 0.9710400104522705, 0.9707800149917603, 0.9712200164794922, 0.9709799885749817, 0.9694200158119202, 0.9672799706459045, 0.9686400294303894, 0.9718999862670898, 0.97052001953125, 0.9723600149154663, 0.972819983959198, 0.9715999960899353, 0.9720799922943115, 0.9732000231742859, 0.9715200066566467, 0.9742000102996826, 0.9736199975013733], "val_loss": [1.2520253658294678, 0.9411584734916687, 1.210016131401062, 1.0378793478012085, 0.9177117943763733, 0.7856582403182983, 0.7683578133583069, 1.970024824142456, 0.9439663290977478, 0.9709087014198303, 0.7645718455314636, 0.7145612835884094, 1.0381639003753662, 0.6723828315734863, 0.8504492044448853, 0.6204943656921387, 0.5853826403617859, 0.6352583169937134, 0.6322311758995056, 0.6414478421211243, 0.5819517374038696, 0.5962793231010437, 0.5757275223731995, 0.6347990036010742, 0.5831378698348999, 0.5792350172996521, 0.5781879425048828, 0.5669373869895935, 0.6228199601173401, 0.5551294088363647, 0.5976672172546387, 0.5740270018577576, 0.571366012096405, 0.5743023753166199, 0.5664716362953186, 0.5876411199569702, 0.6175292134284973, 0.7587335109710693, 0.5911453366279602, 0.6020184755325317, 0.5922641754150391, 0.6288449764251709, 0.6251972913742065, 0.608349084854126, 0.6174935698509216, 0.6182980537414551, 0.5898452401161194, 0.6144019365310669, 0.6171678304672241, 0.6109176278114319, 0.6101676821708679, 0.6088470816612244, 0.6034011244773865, 0.6579809784889221, 0.6533703804016113, 0.6352863311767578, 0.6147290468215942, 0.6390963792800903, 0.6367769837379456, 0.8016820549964905, 0.6285894513130188, 0.6362124085426331, 0.6115664839744568, 0.6430514454841614, 0.6007744669914246, 0.6630744338035583, 0.6310106515884399, 0.6753290295600891, 0.6902519464492798, 0.6685122847557068, 0.6493034958839417, 0.6465320587158203, 0.648942768573761, 0.639293909072876, 0.6840113997459412, 0.6703168749809265, 0.6494549512863159, 0.6790952682495117, 0.6869196891784668, 0.6689730286598206, 0.6557665467262268, 0.6685928106307983, 0.6811124086380005, 0.6520534157752991, 0.6778515577316284, 0.6658986806869507, 0.6809415817260742, 0.6420049667358398, 0.6654318571090698, 0.6699198484420776, 0.6849488019943237, 0.6844940185546875, 0.6908183097839355, 0.6975213885307312, 0.7087761163711548, 0.6804921627044678, 0.7132034301757812, 0.681943416595459, 0.6764419078826904, 0.6878890991210938, 0.6549679636955261, 0.6845731735229492, 0.686988890171051, 0.6684209108352661, 0.6850598454475403, 0.6973151564598083, 0.7224832773208618],