{"R": 124.96702672042846, "G": 116.02084702682495, "B": 106.18549878540038}